INSERT INTO ERPADMIN.USUARIO (USUARIO,NOMBRE,TIPO,ACTIVO,REQ_CAMBIO_CLAVE,FRECUENCIA_CLAVE,FECHA_ULT_CLAVE,MAX_INTENTOS_CONEX) VALUES('CE_WEBMAST','Administrador del sitio de Comercio Electrónico','U','S','N',0,GETDATE(),5)
go

INSERT INTO ERPADMIN.USUARIO (USUARIO,NOMBRE,TIPO,ACTIVO,REQ_CAMBIO_CLAVE,FRECUENCIA_CLAVE,FECHA_ULT_CLAVE,MAX_INTENTOS_CONEX) VALUES('CE_ADM_CTA','Administrador de una cuenta múltiple de Comercio Electrónico','U','S','N',0,GETDATE(),5)
go

INSERT INTO ERPADMIN.USUARIO (USUARIO,NOMBRE,TIPO,ACTIVO,REQ_CAMBIO_CLAVE,FRECUENCIA_CLAVE,FECHA_ULT_CLAVE,MAX_INTENTOS_CONEX) VALUES('CE_VALIDAD','Usuario completo de Comercio Electrónico','U','S','N',0,GETDATE(),5)
go

INSERT INTO ERPADMIN.USUARIO (USUARIO,NOMBRE,TIPO,ACTIVO,REQ_CAMBIO_CLAVE,FRECUENCIA_CLAVE,FECHA_ULT_CLAVE,MAX_INTENTOS_CONEX) VALUES('CE_ANONIMO','Usuario anónimo de Comercio Electrónico','U','S','N',0,GETDATE(),5)
go

INSERT INTO ERPADMIN.USUARIO (USUARIO,NOMBRE,TIPO,ACTIVO,REQ_CAMBIO_CLAVE,FRECUENCIA_CLAVE,FECHA_ULT_CLAVE,MAX_INTENTOS_CONEX) VALUES('CE_COMPRA','Usuario comprador de Comercio Electrónico','U','S','N',0,GETDATE(),5)
go

INSERT INTO ERPADMIN.USUARIO (USUARIO,NOMBRE,TIPO,ACTIVO,REQ_CAMBIO_CLAVE,FRECUENCIA_CLAVE,FECHA_ULT_CLAVE,MAX_INTENTOS_CONEX) VALUES('CE_COBRA','Usuario que  maneja el historial de compras','U','S','N',0,GETDATE(),5)
go

INSERT INTO ERPADMIN.USUARIO (USUARIO,NOMBRE,TIPO,ACTIVO,REQ_CAMBIO_CLAVE,FRECUENCIA_CLAVE,FECHA_ULT_CLAVE,MAX_INTENTOS_CONEX) VALUES('CE_USRTRAN','Usuario de registro de transacciones de CE','U','S','N',0,GETDATE(),5)
go

INSERT INTO USUARIO_CE(EMAIL,CODIGO,NOMBRE,ACTIVO) VALUES('webmaster','webmaster','WebMaster de CE','S')
go

INSERT INTO MODULO (MODULO,NOMBRE_MODULO) VALUES(1,'Comercio Electrónico')
go

INSERT INTO PAGINA (PAGINA,MODULO,NOMBRE_PAGINA) VALUES(1,1,'Principal')
go

INSERT INTO PAGINA (PAGINA,MODULO,NOMBRE_PAGINA) VALUES(2,1,'Identificación')
go

INSERT INTO PAGINA (PAGINA,MODULO,NOMBRE_PAGINA) VALUES(3,1,'Datos Personales')
go

INSERT INTO PAGINA (PAGINA,MODULO,NOMBRE_PAGINA) VALUES(4,1,'Consulta Artículos')
go

INSERT INTO PAGINA (PAGINA,MODULO,NOMBRE_PAGINA) VALUES(5,1,'Búsqueda')
go

INSERT INTO PAGINA (PAGINA,MODULO,NOMBRE_PAGINA) VALUES(8,1,'Administración de usuarios')
go

INSERT INTO PAGINA (PAGINA,MODULO,NOMBRE_PAGINA) VALUES(9,1,'Consulta Pedidos')
go

INSERT INTO PAGINA (PAGINA,MODULO,NOMBRE_PAGINA) VALUES(10,1,'Estado Cuenta')
go

INSERT INTO PAGINA (PAGINA,MODULO,NOMBRE_PAGINA) VALUES(11,1,'Historial Compras')
go

INSERT INTO PAGINA (PAGINA,MODULO,NOMBRE_PAGINA) VALUES(12,1,'Cambio Clave')
go

INSERT INTO PAGINA (PAGINA,MODULO,NOMBRE_PAGINA) VALUES(13,1,'Consulta de usuarios')
go

INSERT INTO SECCION (SECCION,PAGINA,MODULO,DESC_SECCION) VALUES (1,1,1,'Ubicada al lado izquierdo')
go

INSERT INTO SECCION (SECCION,PAGINA,MODULO,DESC_SECCION) VALUES (2,1,1,'Ubicada arriba al centro')
go

INSERT INTO SECCION (SECCION,PAGINA,MODULO,DESC_SECCION) VALUES (3,1,1,'Ubicada abajo al centro(parte izquierda)')
go

INSERT INTO SECCION (SECCION,PAGINA,MODULO,DESC_SECCION) VALUES (4,1,1,'Ubicada abajo al centro(parte derecha)')
go

INSERT INTO SECCION (SECCION,PAGINA,MODULO,DESC_SECCION) VALUES (5,1,1,'Ubicada al lado derecho')
go

INSERT INTO SECCION (SECCION,PAGINA,MODULO,DESC_SECCION) VALUES (6,1,1,'Banner en el encabezado')
go

INSERT INTO SECCION (SECCION,PAGINA,MODULO,DESC_SECCION) VALUES (1,2,1,'Ubicada al lado izquierdo')
go

INSERT INTO SECCION (SECCION,PAGINA,MODULO,DESC_SECCION) VALUES (2,2,1,'Ubicada al lado derecho')
go

INSERT INTO SECCION (SECCION,PAGINA,MODULO,DESC_SECCION) VALUES (3,2,1,'Ubicada abajo de la página')
go

INSERT INTO SECCION (SECCION,PAGINA,MODULO,DESC_SECCION) VALUES (1,3,1,'Ubicada al lado izquierdo')
go

INSERT INTO SECCION (SECCION,PAGINA,MODULO,DESC_SECCION) VALUES (2,3,1,'Ubicada al lado derecho')
go

INSERT INTO SECCION (SECCION,PAGINA,MODULO,DESC_SECCION) VALUES (1,4,1,'Ubicada al lado izquierdo')
go

INSERT INTO SECCION (SECCION,PAGINA,MODULO,DESC_SECCION) VALUES (2,4,1,'Ubicada al lado derecho')
go

INSERT INTO SECCION (SECCION,PAGINA,MODULO,DESC_SECCION) VALUES (1,5,1,'Ubicada al lado izquierdo')
go

INSERT INTO SECCION (SECCION,PAGINA,MODULO,DESC_SECCION) VALUES (2,5,1,'Ubicada al lado derecho')
go

INSERT INTO SECCION (SECCION,PAGINA,MODULO,DESC_SECCION) VALUES (1,8,1,'Ubicada al lado izquierdo')
go

INSERT INTO SECCION (SECCION,PAGINA,MODULO,DESC_SECCION) VALUES (2,8,1,'Ubicada al lado derecho')
go

INSERT INTO SECCION (SECCION,PAGINA,MODULO,DESC_SECCION) VALUES (1,9,1,'Ubicada al lado izquierdo')
go

INSERT INTO SECCION (SECCION,PAGINA,MODULO,DESC_SECCION) VALUES (2,9,1,'Ubicada al lado derecho')
go

INSERT INTO SECCION (SECCION,PAGINA,MODULO,DESC_SECCION) VALUES (1,10,1,'Ubicada al lado izquierdo')
go

INSERT INTO SECCION (SECCION,PAGINA,MODULO,DESC_SECCION) VALUES (2,10,1,'Ubicada al lado derecho')
go

INSERT INTO SECCION (SECCION,PAGINA,MODULO,DESC_SECCION) VALUES (1,11,1,'Ubicada al lado izquierdo')
go

INSERT INTO SECCION (SECCION,PAGINA,MODULO,DESC_SECCION) VALUES (2,11,1,'Ubicada al lado derecho')
go

INSERT INTO SECCION (SECCION,PAGINA,MODULO,DESC_SECCION) VALUES (1,12,1,'Ubicada al lado izquierdo')
go

INSERT INTO SECCION (SECCION,PAGINA,MODULO,DESC_SECCION) VALUES (2,12,1,'Ubicada al lado derecho')
go

INSERT INTO SECCION (SECCION,PAGINA,MODULO,DESC_SECCION) VALUES (1,13,1,'Ubicada al lado izquierdo')
go

INSERT INTO SECCION (SECCION,PAGINA,MODULO,DESC_SECCION) VALUES (2,13,1,'Ubicada al lado derecho')
go

INSERT INTO TIPO_INFORMACION (TIPO_INFORMACION,MODULO,DESC_TIPO_INFO) VALUES(1,1,'Oferta')
go

INSERT INTO TIPO_INFORMACION (TIPO_INFORMACION,MODULO,DESC_TIPO_INFO) VALUES(2,1,'Noticia')
go

INSERT INTO TIPO_FORMATO (TIPO_FORMATO,MODULO,DESC_TIPO_FORMATO) VALUES(1,1,'Scroll')
go

INSERT INTO TIPO_FORMATO (TIPO_FORMATO,MODULO,DESC_TIPO_FORMATO) VALUES(2,1,'Texto')
go

INSERT INTO TIPO_FORMATO (TIPO_FORMATO,MODULO,DESC_TIPO_FORMATO) VALUES(3,1,'Imagen')
go

INSERT INTO TIPO_FORMATO (TIPO_FORMATO,MODULO,DESC_TIPO_FORMATO) VALUES(4,1,'Grupo')
go


INSERT INTO CONSECUTIVO_FA(CODIGO_CONSECUTIVO,USUARIO_ULT,DESCRIPCION,TIPO,LONGITUD,VALOR_CONSECUTIVO,FECHA_HORA_ULT,FORMATO,USA_DESPACHOS, USA_ESQUEMA_CAJAS, VALOR_MAXIMO) 
VALUES('CLIENTE','SA','Consecutivo del código del cliente','A',10,'CL-0000001',getdate(),'CLIENTE.QRP', 'N', 'N', 'CL-9999999')
go

INSERT INTO CONSECUTIVO_FA(CODIGO_CONSECUTIVO,USUARIO_ULT,DESCRIPCION,TIPO,LONGITUD,VALOR_CONSECUTIVO,FECHA_HORA_ULT,FORMATO,USA_DESPACHOS, USA_ESQUEMA_CAJAS, VALOR_MAXIMO) 
VALUES('INTERNET','SA','Pedidos generados desde CE','A',10,'CE-0000001',getdate(),'PEDIDO.QRP', 'N', 'N', 'CE-9999999')
go


INSERT INTO CLIENTE(
   CLIENTE,NOMBRE,CONTACTO,CARGO,TELEFONO1,TELEFONO2,FAX,USA_TARJETA,TARJETA_CREDITO,
   TIPO_TARJETA,FECHA_VENCE_TARJ,E_MAIL,PAIS,DIRECCION,CONTRIBUYENTE,MULTIMONEDA,MONEDA,
   SALDO,SALDO_LOCAL,SALDO_DOLAR,SALDO_CREDITO,	SALDO_NOCARGOS,LIMITE_CREDITO,EXCEDER_LIMITE,
   TASA_INTERES,TASA_INTERES_MORA,FECHA_ULT_MORA,FECHA_ULT_MOV,CONDICION_PAGO,NIVEL_PRECIO,	
   DESCUENTO,MONEDA_NIVEL,ACEPTA_BACKORDER,ZONA,RUTA,VENDEDOR,COBRADOR,ACEPTA_FRACCIONES,
   ACTIVO,EXENTO_IMPUESTOS,EXENCION_IMP1,EXENCION_IMP2,COBRO_JUDICIAL,CATEGORIA_CLIENTE,
   CLASE_ABC,DIAS_ABASTECIMIEN,	REQUIERE_OC,ES_CORPORACION,APLICAC_ABIERTAS,VERIF_LIMCRED_CORP,
   DOC_A_GENERAR,TIENE_CONVENIO,ASOCOBLIGCONTFACT,USAR_PRECIOS_CORP,REGISTRARDOCSACORP,
   USAR_DIREMB_CORP,USAR_DESC_CORP,DIAS_PROMED_ATRASO,FECHA_INGRESO,USAR_EXENCIMP_CORP,
   AJUSTE_FECHA_COBRO, clase_documento)      
VALUES (
'ANONIMO_CE', 	
'Anónimo',	
' ', 		
' ', 		
' ', 		
' ', 		
' ', 		
'N', 		
' ', 		
'ND', 		
'01/01/1980', 	
' ', 		
'ND', 		
' ',  		
'ND', 		
'N',		
'ND',		
0,		
0,		
0,		
0,		
0,		
0,		
'N',		
0,		
0,		
'01/01/1980',	
'01/01/1980',	
'0',		
'ND-LOCAL',	
0,		
'L',		
'N',		
'ND',		
'ND',		
'ND',		
'ND',		
'N',		
'S',		
'N',		
0,		
0,		
'N',		
'ND',		
'A',		
0,		
'N',		
'N',		
'N',		
'N',		
'F',		
'N',		
'N',		
'N',		
'N',		
'N',		
'N',		
0,		
getdate(),	
'N',		
'A',		
' ')		
go


