INSERT INTO ERPADMIN.AUTENTICACION (CODIGO,USUARIO_EXACTUS,CLAVE) VALUES('webmaster','CE_WEBMAST','B0C99BD19AD7ADC9AB')
INSERT INTO ERPADMIN.AUTENTICA_CATALOGO (CODIGO,CATALOGO,CONJUNTO,CODIGO_CATALOGO,ACTIVO)VALUES('webmaster','U','$$COMPANIA$$','CE_WEBMAST','S')
INSERT INTO USUARIO_CE(EMAIL,CODIGO,NOMBRE,ACTIVO) VALUES('webmaster','webmaster','WebMaster de CE','S')
INSERT INTO ERPADMIN.AUTENTICACION (CODIGO,USUARIO_EXACTUS,CLAVE) VALUES('anonimo','CE_ANONIMO','9AD2A8D2A2D1A8A77E996995')
INSERT INTO ERPADMIN.AUTENTICA_CATALOGO (CODIGO,CATALOGO,CONJUNTO,CODIGO_CATALOGO,ACTIVO)VALUES('anonimo','C','$$COMPANIA$$','ANONIMO_CE','S')



INSERT INTO GRUPO_CE(USUARIO,NOMBRE) VALUES ('CE_ADM_CTA','Administrador cuenta empresarial')
INSERT INTO GRUPO_CE(USUARIO,NOMBRE) VALUES ('CE_ANONIMO','Usuario anónimo')
INSERT INTO GRUPO_CE(USUARIO,NOMBRE) VALUES ('CE_COBRA','Usuario de consulta')
INSERT INTO GRUPO_CE(USUARIO,NOMBRE) VALUES ('CE_COMPRA','Usuario comprador')
INSERT INTO GRUPO_CE(USUARIO,NOMBRE) VALUES ('CE_VALIDAD','Usuario completo')
INSERT INTO GRUPO_CE(USUARIO,NOMBRE) VALUES ('CE_WEBMAST','Administrador del sitio')



INSERT INTO ERPADMIN.PRIVILEGIO_EX (USUARIO,CONJUNTO,ACCION) VALUES('CE_ANONIMO','$$COMPANIA$$',2684)
INSERT INTO ERPADMIN.PRIVILEGIO_EX (USUARIO,CONJUNTO,ACCION) VALUES('CE_ANONIMO','$$COMPANIA$$',2879)
INSERT INTO ERPADMIN.PRIVILEGIO_EX (USUARIO,CONJUNTO,ACCION) VALUES('CE_ANONIMO','$$COMPANIA$$',2880)
INSERT INTO ERPADMIN.PRIVILEGIO_EX (USUARIO,CONJUNTO,ACCION) VALUES('CE_ANONIMO','$$COMPANIA$$',2881)
INSERT INTO ERPADMIN.PRIVILEGIO_EX (USUARIO,CONJUNTO,ACCION) VALUES('CE_ANONIMO','$$COMPANIA$$',2882)
INSERT INTO ERPADMIN.PRIVILEGIO_EX (USUARIO,CONJUNTO,ACCION) VALUES('CE_ANONIMO','$$COMPANIA$$',2884)
INSERT INTO ERPADMIN.PRIVILEGIO_EX (USUARIO,CONJUNTO,ACCION) VALUES('CE_ANONIMO','$$COMPANIA$$',2887)
INSERT INTO ERPADMIN.PRIVILEGIO_EX (USUARIO,CONJUNTO,ACCION) VALUES('CE_ANONIMO','$$COMPANIA$$',2896)
INSERT INTO ERPADMIN.PRIVILEGIO_EX (USUARIO,CONJUNTO,ACCION) VALUES('CE_ANONIMO','$$COMPANIA$$',2897)
INSERT INTO ERPADMIN.PRIVILEGIO_EX (USUARIO,CONJUNTO,ACCION) VALUES('CE_ANONIMO','$$COMPANIA$$',2898)
INSERT INTO ERPADMIN.PRIVILEGIO_EX (USUARIO,CONJUNTO,ACCION) VALUES('CE_ANONIMO','$$COMPANIA$$',2899)
INSERT INTO ERPADMIN.PRIVILEGIO_EX (USUARIO,CONJUNTO,ACCION) VALUES('CE_ANONIMO','$$COMPANIA$$',2900)
INSERT INTO ERPADMIN.PRIVILEGIO_EX (USUARIO,CONJUNTO,ACCION) VALUES('CE_ANONIMO','$$COMPANIA$$',2901)




INSERT INTO ERPADMIN.PRIVILEGIO_EX (USUARIO,CONJUNTO,ACCION) VALUES('CE_VALIDAD','$$COMPANIA$$',2684)
INSERT INTO ERPADMIN.PRIVILEGIO_EX (USUARIO,CONJUNTO,ACCION) VALUES('CE_VALIDAD','$$COMPANIA$$',2879)
INSERT INTO ERPADMIN.PRIVILEGIO_EX (USUARIO,CONJUNTO,ACCION) VALUES('CE_VALIDAD','$$COMPANIA$$',2880)
INSERT INTO ERPADMIN.PRIVILEGIO_EX (USUARIO,CONJUNTO,ACCION) VALUES('CE_VALIDAD','$$COMPANIA$$',2881)
INSERT INTO ERPADMIN.PRIVILEGIO_EX (USUARIO,CONJUNTO,ACCION) VALUES('CE_VALIDAD','$$COMPANIA$$',2882)
INSERT INTO ERPADMIN.PRIVILEGIO_EX (USUARIO,CONJUNTO,ACCION) VALUES('CE_VALIDAD','$$COMPANIA$$',2883)
INSERT INTO ERPADMIN.PRIVILEGIO_EX (USUARIO,CONJUNTO,ACCION) VALUES('CE_VALIDAD','$$COMPANIA$$',2884)
INSERT INTO ERPADMIN.PRIVILEGIO_EX (USUARIO,CONJUNTO,ACCION) VALUES('CE_VALIDAD','$$COMPANIA$$',2885)
INSERT INTO ERPADMIN.PRIVILEGIO_EX (USUARIO,CONJUNTO,ACCION) VALUES('CE_VALIDAD','$$COMPANIA$$',2886)
INSERT INTO ERPADMIN.PRIVILEGIO_EX (USUARIO,CONJUNTO,ACCION) VALUES('CE_VALIDAD','$$COMPANIA$$',2887)
INSERT INTO ERPADMIN.PRIVILEGIO_EX (USUARIO,CONJUNTO,ACCION) VALUES('CE_VALIDAD','$$COMPANIA$$',2888)
INSERT INTO ERPADMIN.PRIVILEGIO_EX (USUARIO,CONJUNTO,ACCION) VALUES('CE_VALIDAD','$$COMPANIA$$',2890)
INSERT INTO ERPADMIN.PRIVILEGIO_EX (USUARIO,CONJUNTO,ACCION) VALUES('CE_VALIDAD','$$COMPANIA$$',2892)
INSERT INTO ERPADMIN.PRIVILEGIO_EX (USUARIO,CONJUNTO,ACCION) VALUES('CE_VALIDAD','$$COMPANIA$$',2893)
INSERT INTO ERPADMIN.PRIVILEGIO_EX (USUARIO,CONJUNTO,ACCION) VALUES('CE_VALIDAD','$$COMPANIA$$',2894)
INSERT INTO ERPADMIN.PRIVILEGIO_EX (USUARIO,CONJUNTO,ACCION) VALUES('CE_VALIDAD','$$COMPANIA$$',2895)
INSERT INTO ERPADMIN.PRIVILEGIO_EX (USUARIO,CONJUNTO,ACCION) VALUES('CE_VALIDAD','$$COMPANIA$$',2896)
INSERT INTO ERPADMIN.PRIVILEGIO_EX (USUARIO,CONJUNTO,ACCION) VALUES('CE_VALIDAD','$$COMPANIA$$',2897)
INSERT INTO ERPADMIN.PRIVILEGIO_EX (USUARIO,CONJUNTO,ACCION) VALUES('CE_VALIDAD','$$COMPANIA$$',2898)
INSERT INTO ERPADMIN.PRIVILEGIO_EX (USUARIO,CONJUNTO,ACCION) VALUES('CE_VALIDAD','$$COMPANIA$$',2899)
INSERT INTO ERPADMIN.PRIVILEGIO_EX (USUARIO,CONJUNTO,ACCION) VALUES('CE_VALIDAD','$$COMPANIA$$',2900)
INSERT INTO ERPADMIN.PRIVILEGIO_EX (USUARIO,CONJUNTO,ACCION) VALUES('CE_VALIDAD','$$COMPANIA$$',2901)




INSERT INTO ERPADMIN.PRIVILEGIO_EX (USUARIO,CONJUNTO,ACCION) VALUES('CE_WEBMAST','$$COMPANIA$$',2684)
INSERT INTO ERPADMIN.PRIVILEGIO_EX (USUARIO,CONJUNTO,ACCION) VALUES('CE_WEBMAST','$$COMPANIA$$',2888)
INSERT INTO ERPADMIN.PRIVILEGIO_EX (USUARIO,CONJUNTO,ACCION) VALUES('CE_WEBMAST','$$COMPANIA$$',2890)
INSERT INTO ERPADMIN.PRIVILEGIO_EX (USUARIO,CONJUNTO,ACCION) VALUES('CE_WEBMAST','$$COMPANIA$$',2892)
INSERT INTO ERPADMIN.PRIVILEGIO_EX (USUARIO,CONJUNTO,ACCION) VALUES('CE_WEBMAST','$$COMPANIA$$',2893)
INSERT INTO ERPADMIN.PRIVILEGIO_EX (USUARIO,CONJUNTO,ACCION) VALUES('CE_WEBMAST','$$COMPANIA$$',2902) 
INSERT INTO ERPADMIN.PRIVILEGIO_EX (USUARIO,CONJUNTO,ACCION) VALUES('CE_WEBMAST','$$COMPANIA$$',2903)
INSERT INTO ERPADMIN.PRIVILEGIO_EX (USUARIO,CONJUNTO,ACCION) VALUES('CE_WEBMAST','$$COMPANIA$$',2904) 
INSERT INTO ERPADMIN.PRIVILEGIO_EX (USUARIO,CONJUNTO,ACCION) VALUES('CE_WEBMAST','$$COMPANIA$$',2905)




INSERT INTO ERPADMIN.PRIVILEGIO_EX (USUARIO,CONJUNTO,ACCION) VALUES('CE_ADM_CTA','$$COMPANIA$$',2684)
INSERT INTO ERPADMIN.PRIVILEGIO_EX (USUARIO,CONJUNTO,ACCION) VALUES('CE_ADM_CTA','$$COMPANIA$$',2879)
INSERT INTO ERPADMIN.PRIVILEGIO_EX (USUARIO,CONJUNTO,ACCION) VALUES('CE_ADM_CTA','$$COMPANIA$$',2880)
INSERT INTO ERPADMIN.PRIVILEGIO_EX (USUARIO,CONJUNTO,ACCION) VALUES('CE_ADM_CTA','$$COMPANIA$$',2881)
INSERT INTO ERPADMIN.PRIVILEGIO_EX (USUARIO,CONJUNTO,ACCION) VALUES('CE_ADM_CTA','$$COMPANIA$$',2882)
INSERT INTO ERPADMIN.PRIVILEGIO_EX (USUARIO,CONJUNTO,ACCION) VALUES('CE_ADM_CTA','$$COMPANIA$$',2883)
INSERT INTO ERPADMIN.PRIVILEGIO_EX (USUARIO,CONJUNTO,ACCION) VALUES('CE_ADM_CTA','$$COMPANIA$$',2884)
INSERT INTO ERPADMIN.PRIVILEGIO_EX (USUARIO,CONJUNTO,ACCION) VALUES('CE_ADM_CTA','$$COMPANIA$$',2885)
INSERT INTO ERPADMIN.PRIVILEGIO_EX (USUARIO,CONJUNTO,ACCION) VALUES('CE_ADM_CTA','$$COMPANIA$$',2886)
INSERT INTO ERPADMIN.PRIVILEGIO_EX (USUARIO,CONJUNTO,ACCION) VALUES('CE_ADM_CTA','$$COMPANIA$$',2887)
INSERT INTO ERPADMIN.PRIVILEGIO_EX (USUARIO,CONJUNTO,ACCION) VALUES('CE_ADM_CTA','$$COMPANIA$$',2888)
INSERT INTO ERPADMIN.PRIVILEGIO_EX (USUARIO,CONJUNTO,ACCION) VALUES('CE_ADM_CTA','$$COMPANIA$$',2889)
INSERT INTO ERPADMIN.PRIVILEGIO_EX (USUARIO,CONJUNTO,ACCION) VALUES('CE_ADM_CTA','$$COMPANIA$$',2890)
INSERT INTO ERPADMIN.PRIVILEGIO_EX (USUARIO,CONJUNTO,ACCION) VALUES('CE_ADM_CTA','$$COMPANIA$$',2891)
INSERT INTO ERPADMIN.PRIVILEGIO_EX (USUARIO,CONJUNTO,ACCION) VALUES('CE_ADM_CTA','$$COMPANIA$$',2892)
INSERT INTO ERPADMIN.PRIVILEGIO_EX (USUARIO,CONJUNTO,ACCION) VALUES('CE_ADM_CTA','$$COMPANIA$$',2893)
INSERT INTO ERPADMIN.PRIVILEGIO_EX (USUARIO,CONJUNTO,ACCION) VALUES('CE_ADM_CTA','$$COMPANIA$$',2894)
INSERT INTO ERPADMIN.PRIVILEGIO_EX (USUARIO,CONJUNTO,ACCION) VALUES('CE_ADM_CTA','$$COMPANIA$$',2895)
INSERT INTO ERPADMIN.PRIVILEGIO_EX (USUARIO,CONJUNTO,ACCION) VALUES('CE_ADM_CTA','$$COMPANIA$$',2896)
INSERT INTO ERPADMIN.PRIVILEGIO_EX (USUARIO,CONJUNTO,ACCION) VALUES('CE_ADM_CTA','$$COMPANIA$$',2897)
INSERT INTO ERPADMIN.PRIVILEGIO_EX (USUARIO,CONJUNTO,ACCION) VALUES('CE_ADM_CTA','$$COMPANIA$$',2898)
INSERT INTO ERPADMIN.PRIVILEGIO_EX (USUARIO,CONJUNTO,ACCION) VALUES('CE_ADM_CTA','$$COMPANIA$$',2899)
INSERT INTO ERPADMIN.PRIVILEGIO_EX (USUARIO,CONJUNTO,ACCION) VALUES('CE_ADM_CTA','$$COMPANIA$$',2900)
INSERT INTO ERPADMIN.PRIVILEGIO_EX (USUARIO,CONJUNTO,ACCION) VALUES('CE_ADM_CTA','$$COMPANIA$$',2901)




INSERT INTO ERPADMIN.PRIVILEGIO_EX (USUARIO,CONJUNTO,ACCION) VALUES('CE_COMPRA','$$COMPANIA$$',2684)
INSERT INTO ERPADMIN.PRIVILEGIO_EX (USUARIO,CONJUNTO,ACCION) VALUES('CE_COMPRA','$$COMPANIA$$',2879)
INSERT INTO ERPADMIN.PRIVILEGIO_EX (USUARIO,CONJUNTO,ACCION) VALUES('CE_COMPRA','$$COMPANIA$$',2880)
INSERT INTO ERPADMIN.PRIVILEGIO_EX (USUARIO,CONJUNTO,ACCION) VALUES('CE_COMPRA','$$COMPANIA$$',2881)
INSERT INTO ERPADMIN.PRIVILEGIO_EX (USUARIO,CONJUNTO,ACCION) VALUES('CE_COMPRA','$$COMPANIA$$',2882)
INSERT INTO ERPADMIN.PRIVILEGIO_EX (USUARIO,CONJUNTO,ACCION) VALUES('CE_COMPRA','$$COMPANIA$$',2883)
INSERT INTO ERPADMIN.PRIVILEGIO_EX (USUARIO,CONJUNTO,ACCION) VALUES('CE_COMPRA','$$COMPANIA$$',2884)
INSERT INTO ERPADMIN.PRIVILEGIO_EX (USUARIO,CONJUNTO,ACCION) VALUES('CE_COMPRA','$$COMPANIA$$',2885)
INSERT INTO ERPADMIN.PRIVILEGIO_EX (USUARIO,CONJUNTO,ACCION) VALUES('CE_COMPRA','$$COMPANIA$$',2886)
INSERT INTO ERPADMIN.PRIVILEGIO_EX (USUARIO,CONJUNTO,ACCION) VALUES('CE_COMPRA','$$COMPANIA$$',2887)
INSERT INTO ERPADMIN.PRIVILEGIO_EX (USUARIO,CONJUNTO,ACCION) VALUES('CE_COMPRA','$$COMPANIA$$',2888)
INSERT INTO ERPADMIN.PRIVILEGIO_EX (USUARIO,CONJUNTO,ACCION) VALUES('CE_COMPRA','$$COMPANIA$$',2890)
INSERT INTO ERPADMIN.PRIVILEGIO_EX (USUARIO,CONJUNTO,ACCION) VALUES('CE_COMPRA','$$COMPANIA$$',2892)
INSERT INTO ERPADMIN.PRIVILEGIO_EX (USUARIO,CONJUNTO,ACCION) VALUES('CE_COMPRA','$$COMPANIA$$',2893)
INSERT INTO ERPADMIN.PRIVILEGIO_EX (USUARIO,CONJUNTO,ACCION) VALUES('CE_COMPRA','$$COMPANIA$$',2896)
INSERT INTO ERPADMIN.PRIVILEGIO_EX (USUARIO,CONJUNTO,ACCION) VALUES('CE_COMPRA','$$COMPANIA$$',2897)
INSERT INTO ERPADMIN.PRIVILEGIO_EX (USUARIO,CONJUNTO,ACCION) VALUES('CE_COMPRA','$$COMPANIA$$',2898)
INSERT INTO ERPADMIN.PRIVILEGIO_EX (USUARIO,CONJUNTO,ACCION) VALUES('CE_COMPRA','$$COMPANIA$$',2899)
INSERT INTO ERPADMIN.PRIVILEGIO_EX (USUARIO,CONJUNTO,ACCION) VALUES('CE_COMPRA','$$COMPANIA$$',2900)
INSERT INTO ERPADMIN.PRIVILEGIO_EX (USUARIO,CONJUNTO,ACCION) VALUES('CE_COMPRA','$$COMPANIA$$',2901)




INSERT INTO ERPADMIN.PRIVILEGIO_EX (USUARIO,CONJUNTO,ACCION) VALUES('CE_COBRA','$$COMPANIA$$',2684)
INSERT INTO ERPADMIN.PRIVILEGIO_EX (USUARIO,CONJUNTO,ACCION) VALUES('CE_COBRA','$$COMPANIA$$',2879)
INSERT INTO ERPADMIN.PRIVILEGIO_EX (USUARIO,CONJUNTO,ACCION) VALUES('CE_COBRA','$$COMPANIA$$',2883)
INSERT INTO ERPADMIN.PRIVILEGIO_EX (USUARIO,CONJUNTO,ACCION) VALUES('CE_COBRA','$$COMPANIA$$',2888)
INSERT INTO ERPADMIN.PRIVILEGIO_EX (USUARIO,CONJUNTO,ACCION) VALUES('CE_COBRA','$$COMPANIA$$',2890)
INSERT INTO ERPADMIN.PRIVILEGIO_EX (USUARIO,CONJUNTO,ACCION) VALUES('CE_COBRA','$$COMPANIA$$',2892)
INSERT INTO ERPADMIN.PRIVILEGIO_EX (USUARIO,CONJUNTO,ACCION) VALUES('CE_COBRA','$$COMPANIA$$',2893)
INSERT INTO ERPADMIN.PRIVILEGIO_EX (USUARIO,CONJUNTO,ACCION) VALUES('CE_COBRA','$$COMPANIA$$',2894)
INSERT INTO ERPADMIN.PRIVILEGIO_EX (USUARIO,CONJUNTO,ACCION) VALUES('CE_COBRA','$$COMPANIA$$',2895)
INSERT INTO ERPADMIN.PRIVILEGIO_EX (USUARIO,CONJUNTO,ACCION) VALUES('CE_COBRA','$$COMPANIA$$',2896)
INSERT INTO ERPADMIN.PRIVILEGIO_EX (USUARIO,CONJUNTO,ACCION) VALUES('CE_COBRA','$$COMPANIA$$',2900)
INSERT INTO ERPADMIN.PRIVILEGIO_EX (USUARIO,CONJUNTO,ACCION) VALUES('CE_COBRA','$$COMPANIA$$',2901)