

INSERT INTO MODULO ( MODULO,NOMBRE_MODULO ) VALUES (2,'Portal de Personal')
go


INSERT INTO TIPO_INFORMACION ( TIPO_INFORMACION,MODULO,DESC_TIPO_INFO ) VALUES (1,2,'Noticias')
go

INSERT INTO TIPO_FORMATO ( TIPO_FORMATO,MODULO,DESC_TIPO_FORMATO ) VALUES (1,2,'Scroll')
go
INSERT INTO TIPO_FORMATO ( TIPO_FORMATO,MODULO,DESC_TIPO_FORMATO ) VALUES (2,2,'Texto')
go
INSERT INTO TIPO_FORMATO ( TIPO_FORMATO,MODULO,DESC_TIPO_FORMATO ) VALUES (3,2,'Imagen')
go
INSERT INTO TIPO_FORMATO ( TIPO_FORMATO,MODULO,DESC_TIPO_FORMATO ) VALUES (4,2,'Grupo')
go




INSERT INTO PAGINA  ( PAGINA,MODULO,NOMBRE_PAGINA ) VALUES (1,2,'Inicio')
go
INSERT INTO PAGINA  ( PAGINA,MODULO,NOMBRE_PAGINA ) VALUES (2,2,'Boletín de Noticias')
go
INSERT INTO PAGINA  ( PAGINA,MODULO,NOMBRE_PAGINA ) VALUES (3,2,'Nueva Solicitud')
go
INSERT INTO PAGINA  ( PAGINA,MODULO,NOMBRE_PAGINA ) VALUES (4,2,'Anexo de Documentos')
go
INSERT INTO PAGINA  ( PAGINA,MODULO,NOMBRE_PAGINA ) VALUES (5,2,'Solicitudes / Trámite')
go
INSERT INTO PAGINA  ( PAGINA,MODULO,NOMBRE_PAGINA ) VALUES (6,2,'Consulta Solicitudes')
go
INSERT INTO PAGINA  ( PAGINA,MODULO,NOMBRE_PAGINA ) VALUES (7,2,'Histórico Aprobaciones')
go
INSERT INTO PAGINA  ( PAGINA,MODULO,NOMBRE_PAGINA ) VALUES (8,2,'Aprobación Solicitudes')
go
INSERT INTO PAGINA  ( PAGINA,MODULO,NOMBRE_PAGINA ) VALUES (9,2,'Cambio de Contraseña')
go


 
INSERT INTO SECCION ( SECCION,PAGINA,MODULO,DESC_SECCION )  VALUES (1,1,2,'Ubicada al lado izquierdo')
go
INSERT INTO SECCION ( SECCION,PAGINA,MODULO,DESC_SECCION )  VALUES (2,1,2,'Ubicada al lado derecho')
go

INSERT INTO SECCION ( SECCION,PAGINA,MODULO,DESC_SECCION )  VALUES (1,4,2,'Ubicada al lado izquierdo')
go
INSERT INTO SECCION ( SECCION,PAGINA,MODULO,DESC_SECCION )  VALUES (2,4,2,'Ubicada al lado derecho')
go

INSERT INTO SECCION ( SECCION,PAGINA,MODULO,DESC_SECCION )  VALUES (1,6,2,'Ubicada al lado izquierdo')
go
INSERT INTO SECCION ( SECCION,PAGINA,MODULO,DESC_SECCION )  VALUES (2,6,2,'Ubicada al lado derecho')
go

INSERT INTO SECCION ( SECCION,PAGINA,MODULO,DESC_SECCION )  VALUES (1,8,2,'Ubicada al lado izquierdo')
go
INSERT INTO SECCION ( SECCION,PAGINA,MODULO,DESC_SECCION )  VALUES (2,8,2,'Ubicada al lado derecho')
go

INSERT INTO SECCION ( SECCION,PAGINA,MODULO,DESC_SECCION )  VALUES (1,3,2,'Ubicada al lado izquierdo')
go
INSERT INTO SECCION ( SECCION,PAGINA,MODULO,DESC_SECCION )  VALUES (2,3,2,'Ubicada al lado derecho')
go


INSERT INTO SECCION ( SECCION,PAGINA,MODULO,DESC_SECCION )  VALUES (1,2,2,'Ubicada al lado izquierdo')
go
INSERT INTO SECCION ( SECCION,PAGINA,MODULO,DESC_SECCION )  VALUES (2,2,2,'Ubicada al lado derecho')
go
INSERT INTO SECCION ( SECCION,PAGINA,MODULO,DESC_SECCION )  VALUES (3,2,2,'Ubicada bajo parte superior - izquierda')
go
INSERT INTO SECCION ( SECCION,PAGINA,MODULO,DESC_SECCION )  VALUES (4,2,2,'Ubicada bajo parte superior - derecha')
go

INSERT INTO SECCION ( SECCION,PAGINA,MODULO,DESC_SECCION )  VALUES (1,5,2,'Ubicada al lado izquierdo')
go
INSERT INTO SECCION ( SECCION,PAGINA,MODULO,DESC_SECCION )  VALUES (2,5,2,'Ubicada al lado derecho')
go

INSERT INTO SECCION ( SECCION,PAGINA,MODULO,DESC_SECCION )  VALUES (1,7,2,'Ubicada al lado izquierdo')
go
INSERT INTO SECCION ( SECCION,PAGINA,MODULO,DESC_SECCION )  VALUES (2,7,2,'Ubicada al lado derecho')
go


INSERT INTO SECCION ( SECCION,PAGINA,MODULO,DESC_SECCION )  VALUES (1,9,2,'Ubicada al lado izquierdo')
go
INSERT INTO SECCION ( SECCION,PAGINA,MODULO,DESC_SECCION )  VALUES (2,9,2,'Ubicada al lado derecho')
go









 